{
  "fecha_analisis": "2025-08-05T10:13:57.373320",
  "num_trayectorias": 50,
  "trayectorias_convergentes": 50,
  "tasa_estabilidad": 100.0,
  "tiempo_promedio_convergencia": 69.5,
  "tiempos_convergencia": [
    66,
    77,
    69,
    78,
    75,
    61,
    66,
    67,
    76,
    81,
    72,
    69,
    74,
    73,
    76,
    61,
    74,
    65,
    69,
    73,
    69,
    69,
    68,
    77,
    73,
    76,
    34,
    72,
    61,
    73,
    75,
    76,
    74,
    60,
    76,
    47,
    68,
    69,
    75,
    79,
    73,
    71,
    69,
    79,
    33,
    75,
    66,
    75,
    70,
    71
  ],
  "distancias_finales": [
    6.449795311700161e-07,
    1.1246431863005582e-06,
    7.441861858449063e-07,
    1.17227428315334e-06,
    1.021506921402634e-06,
    4.97069331763059e-07,
    6.320477886625022e-07,
    6.536282390487987e-07,
    1.026060171035568e-06,
    1.3910166708173944e-06,
    8.417088323675164e-07,
    7.262396840966967e-07,
    9.342998343411722e-07,
    8.980561260743748e-07,
    1.0309356581819403e-06,
    4.93880739261242e-07,
    9.626522127700808e-07,
    5.926890730805183e-07,
    7.502870130763941e-07,
    8.834009714415043e-07,
    7.285455430426433e-07,
    7.389876298955329e-07,
    6.971092117746101e-07,
    1.131958962750488e-06,
    8.84644802741992e-07,
    1.0294737511392802e-06,
    1.2191400911802832e-07,
    8.557561320402399e-07,
    4.876207164617169e-07,
    9.088500697025688e-07,
    9.966621903600858e-07,
    1.0392267183800754e-06,
    9.515077981095628e-07,
    4.574342104990756e-07,
    1.0380068569507182e-06,
    2.3458650129161232e-07,
    6.94536484244872e-07,
    7.227347191492625e-07,
    9.9086056523039e-07,
    1.1972828877456414e-06,
    8.868738311135945e-07,
    7.96711542709351e-07,
    7.24120653425412e-07,
    1.2033618846883528e-06,
    1.1409975006096074e-07,
    1.0114079191374216e-06,
    6.437830397782618e-07,
    9.904753755461294e-07,
    7.700703852689109e-07,
    8.211227782299208e-07
  ],
  "metricas": {
    "distancia_final_promedio": 8.178257874895385e-07,
    "desviacion_convergencia": 9.459915433025815,
    "max_tiempo_convergencia": 81,
    "min_tiempo_convergencia": 33
  }
}