{
  "fecha_analisis": "2025-08-08T08:38:57.764400",
  "num_trayectorias": 50,
  "trayectorias_convergentes": 50,
  "tasa_estabilidad": 100.0,
  "tiempo_promedio_convergencia": 73.9,
  "tiempos_convergencia": [
    74,
    78,
    69,
    74,
    78,
    78,
    76,
    78,
    73,
    67,
    73,
    72,
    74,
    64,
    83,
    74,
    79,
    78,
    82,
    76,
    70,
    81,
    69,
    71,
    69,
    79,
    73,
    76,
    74,
    69,
    81,
    56,
    73,
    62,
    71,
    81,
    76,
    75,
    75,
    69,
    81,
    80,
    72,
    77,
    76,
    74,
    73,
    72,
    71,
    69
  ],
  "distancias_finales": [
    9.276721483305984e-07,
    1.173472572953257e-06,
    7.175049073066147e-07,
    9.536592304806463e-07,
    1.1433136501373262e-06,
    1.1567887837846913e-06,
    1.0285025199224156e-06,
    1.1428022667670703e-06,
    9.18043299391576e-07,
    6.604834815404354e-07,
    8.936910670027324e-07,
    8.649560866122777e-07,
    9.636757169540117e-07,
    5.755971194645754e-07,
    1.5083190376955781e-06,
    9.654700139309429e-07,
    1.200754189716784e-06,
    1.1709644047374901e-06,
    1.4611822815080172e-06,
    1.042054162507854e-06,
    7.884752482603626e-07,
    1.3801556110201805e-06,
    7.266555212304503e-07,
    8.160445200011308e-07,
    7.249334457722503e-07,
    1.239752768348299e-06,
    8.964835372746076e-07,
    1.058592841131771e-06,
    9.396364342901823e-07,
    7.221832002701784e-07,
    1.3843388260894976e-06,
    3.824749955653729e-07,
    8.908120539313939e-07,
    5.128373954946688e-07,
    8.326044518886738e-07,
    1.3270867104673714e-06,
    1.0320639539078084e-06,
    1.0083562174737742e-06,
    9.908223480904842e-07,
    7.263605600708488e-07,
    1.3385310940431702e-06,
    1.2999823097756267e-06,
    8.468533695126121e-07,
    1.0966233213781534e-06,
    1.039761854181315e-06,
    9.493108984013723e-07,
    9.07770013471154e-07,
    8.358876844554888e-07,
    8.299318302085604e-07,
    7.433803285512734e-07
  ],
  "metricas": {
    "distancia_final_promedio": 9.747522057060586e-07,
    "desviacion_convergencia": 5.223983154643591,
    "max_tiempo_convergencia": 83,
    "min_tiempo_convergencia": 56
  }
}