{
  "fecha_analisis": "2025-08-05T13:48:09.064671",
  "num_trayectorias": 50,
  "trayectorias_convergentes": 50,
  "tasa_estabilidad": 100.0,
  "tiempo_promedio_convergencia": 68.12,
  "tiempos_convergencia": [
    77,
    77,
    75,
    75,
    71,
    71,
    73,
    75,
    69,
    77,
    75,
    72,
    72,
    73,
    69,
    74,
    75,
    55,
    64,
    76,
    39,
    76,
    63,
    67,
    67,
    71,
    36,
    74,
    72,
    75,
    45,
    51,
    45,
    77,
    74,
    76,
    74,
    76,
    74,
    80,
    73,
    67,
    62,
    49,
    61,
    60,
    76,
    50,
    71,
    80
  ],
  "distancias_finales": [
    1.117109855462183e-06,
    1.1304678464907549e-06,
    1.0221142981682996e-06,
    1.0119415448327902e-06,
    8.231449738501997e-07,
    8.193227769305444e-07,
    8.948732828228395e-07,
    1.0010276148043842e-06,
    7.416227316199476e-07,
    1.0988450874991308e-06,
    9.764245494136537e-07,
    8.360146443970149e-07,
    8.369122122638493e-07,
    8.832805216969803e-07,
    7.236024625151397e-07,
    9.566889853897794e-07,
    9.998601642192582e-07,
    3.6392705622985813e-07,
    5.769004114634209e-07,
    1.0474096981770728e-06,
    1.613029101436653e-07,
    1.0240183258884816e-06,
    5.341479361473211e-07,
    6.502318247289639e-07,
    6.602010775369489e-07,
    8.000939608472955e-07,
    1.3701447718475482e-07,
    9.489497352170677e-07,
    8.446480635093942e-07,
    1.0112244276835458e-06,
    2.1083986563053552e-07,
    2.9600417174389895e-07,
    2.1724645318069162e-07,
    1.1022449311232527e-06,
    9.583036391030424e-07,
    1.047523568782167e-06,
    9.291060779052192e-07,
    1.0439054842267186e-06,
    9.59258983360858e-07,
    1.2774860835245623e-06,
    9.045035737728751e-07,
    6.560966987401403e-07,
    5.216660683446704e-07,
    2.6150127658059543e-07,
    4.802703166046342e-07,
    4.5405065138685773e-07,
    1.0531747637570289e-06,
    2.7489875374039386e-07,
    8.01727852331336e-07,
    1.2896800437326414e-06
  ],
  "metricas": {
    "distancia_final_promedio": 7.874562542941333e-07,
    "desviacion_convergencia": 10.793775984334676,
    "max_tiempo_convergencia": 80,
    "min_tiempo_convergencia": 36
  }
}